[
    {
        "name": "Mike Thompson",
        "place": "Houston, TX",
        "statement": "I can't exparess how satisfied I am with the quality of the second-hand auto parts I purchased from this company. Haley from customer service went above and beyond to ensure I got the right dashboard for my Chevy Corvette ZR1. Fast shipping and unbeatable prices. Highly recommend!",
        "image": "..."
    },
    {
        "name": "Emily Rodriguez",
        "place": "Miami, FL",
        "statement": "I am very impressed with the extensive inventory and affordable prices. Found a steering wheel for my vintage Ford Mustang Fastback that I couldn't locate anywhere else. The customer service team was extremely helpful. Will definitely be my go-to for all future auto part needs.",
        "image": "..."
    },
    {
        "name": "Chris Turner",
        "place": "Chicago, IL",
        "statement": "Outstanding service. I was hesitant about buying used auto parts, but the savings and quality surprised me. The shipped rim for my Ford F-150 Truck arrived quickly and was in excellent condition. These guys are doing a fantastic job.",
        "image": "..."
    },
    {
        "name": "Sarah Davis",
        "place": "Los Angeles, CA",
        "statement": "I had a great experience overall. The website is user-friendly, making it easy to find the right parts. The staff was knowledgeable and guided me through the process. My Honda Accord is running smoothly again, thanks to the affordable parts I found here.",
        "image": "..."
    },
    {
        "name": "Robert Hernandez",
        "place": "New York, NY",
        "statement": "I Couldn't believe the savings I made with SecondGear. Found a transmission for my Ford Focus at a fraction of the cost. The ordering process was seamless, and the part arrived on time. I'll be telling all my friends about this company.",
        "image": "..."
    },
    {
        "name": "Alicia Foster",
        "place": "Atlanta, GA",
        "statement": "Extremely satisfied with the quality of the part and the service that was provided. I ordered a replacement door for my Toyota Corolla, and it exceeded my expectations. The shipping was fast, and the part was in better condition than I anticipated. Will be a repeat customer for sure.",
        "image": "..."
    },
    {
        "name": "Kevin Chang",
        "place": "San Francisco, CA",
        "statement": "I was looking for a specific part for my vintage Volkswagen bus, and these guys had it in stock. The part was in great condition, and the price was unbeatable. I'll be coming back for all my auto part needs.",
        "image": "..."
    },
    {
        "name": "Karen Baker",
        "place": "Dallas, TX",
        "statement": "One of the best services I have ever received and the quality and savings are incredible. I ordered a starter for my Chevy Tahoe, and it works like a charm. The customer service team was patient and helpful. I highly recommend their services.",
        "image": "..."
    },
    {
        "name": "Jason Adams",
        "place": "Seattle, WA",
        "statement": "Impressed with the variety of parts available. I found everything I needed for my DIY project at a fraction of the cost. The parts were in excellent condition, and the shipping was quick. This company has earned my trust and business.",
        "image": "..."
    }
]
