[
    {
        "Part": "Maintenance Service Parts"
    },
    {
        "Part": "Air Conditioning"
    },
    {
        "Part": "Belts Chains and Rollers"
    },
    {
        "Part": "Bearings"
    },
    {
        "Part": "Body"
    },
    {
        "Part": "Control Cables"
    },
    {
        "Part": "Brake System"
    },
    {
        "Part": "Car Accessories"
    },
    {
        "Part": "Clutch System"
    },
    {
        "Part": "Electric Components"
    },
    {
        "Part": "Engine"
    },
    {
        "Part": "Engine Cooling System"
    },
    {
        "Part": "Exhaust System"
    },
    {
        "Part": "Filters"
    },
    {
        "Part": "Fuel Supply System"
    },
    {
        "Part": "Gaskets and Sealing Rings"
    },
    {
        "Part": "Ignition and Glowplug System"
    },
    {
        "Part": "Interior and comfort"
    },
    {
        "Part": "Lighting"
    },
    {
        "Part": "Oils and Fluids"
    },
    {
        "Part": "Pipes and Hoses"
    },
    {
        "Part": "Repair Kits"
    },
    {
        "Part": "Sensors Relays and Control units"
    },
    {
        "Part": "Steering"
    },
    {
        "Part": "Suspension and Arms"
    },
    {
        "Part": "Towbar Parts"
    },
    {
        "Part": "Transmission"
    },
    {
        "Part": "Trims"
    },
    {
        "Part": "Tyres and Alloys"
    },
    {
        "Part": "Universal"
    },
    {
        "Part": "Wheels"
    },
    {
        "Part": "Windscreen Cleaning System"
    }
]
